total_sales,average_sales
2272449.8562999545,234.41818199917006
